visitor_fastBreakPoints,visitor_pointsInPaint,visitor_biggestLead,visitor_secondChancePoints,visitor_pointsOffTurnovers,visitor_longestRun,visitor_points,visitor_fgm,visitor_fga,visitor_fgp,visitor_ftm,visitor_fta,visitor_ftp,visitor_tpm,visitor_tpa,visitor_tpp,visitor_offReb,visitor_defReb,visitor_totReb,visitor_assists,visitor_pFouls,visitor_steals,visitor_turnovers,visitor_blocks,visitor_plusMinus,visitor_min,game_id,visitor_team,home_fastBreakPoints,home_pointsInPaint,home_biggestLead,home_secondChancePoints,home_pointsOffTurnovers,home_longestRun,home_points,home_fgm,home_fga,home_fgp,home_ftm,home_fta,home_ftp,home_tpm,home_tpa,home_tpp,home_offReb,home_defReb,home_totReb,home_assists,home_pFouls,home_steals,home_turnovers,home_blocks,home_plusMinus,home_min,home_team
,,,,,,120,46,87,52.9,10,17,58.8,18,36,50.0,15,29,44,30,18,5,13,3,2,240:00,13582,Atlanta Hawks,,,,,,,118,47,95,58.8,13,19,68.4,11,38,28.9,12,26,38,21,16,7,9,8,-2,240:00,Boston Celtics
,,,,,,123,51,104,49.0,6,10,60.0,15,44,34.1,17,36,53,24,17,5,11,5,1,240:00,13608,Atlanta Hawks,,,,,,,122,45,94,60.0,18,21,85.7,14,36,38.9,9,34,43,28,15,7,12,6,-1,240:00,Boston Celtics
,,,,,,93,37,89,41.6,13,16,81.3,6,31,19.4,8,35,43,23,13,9,20,3,-30,240:00,14211,Atlanta Hawks,,,,,,,123,48,99,81.3,9,13,69.2,18,55,32.7,11,39,50,27,14,15,13,7,30,240:00,Boston Celtics
,,,,,,125,49,93,52.7,10,11,90.9,17,49,34.7,6,39,45,33,16,6,14,9,8,240:00,13277,Boston Celtics,,,,,,,117,43,102,90.9,18,20,90.0,13,41,31.7,13,36,49,24,13,8,9,2,-8,240:00,Atlanta Hawks
,,,,,,116,38,75,50.7,22,27,81.5,18,45,40.0,6,28,34,28,12,7,20,5,-1,240:00,14271,Boston Celtics,,,,,,,117,50,100,81.5,7,13,53.8,10,32,31.3,20,25,45,35,17,16,16,2,1,240:00,Atlanta Hawks
,,,,,,120,39,80,48.8,33,46,71.7,9,28,32.1,12,33,45,25,20,12,16,9,4,240:00,14118,Atlanta Hawks,,,,,,,116,40,91,71.7,19,25,76.0,17,43,39.5,12,31,43,21,32,8,19,6,-4,240:00,Brooklyn Nets
,,,,,,124,46,90,51.1,10,13,76.9,22,46,47.8,8,35,43,30,16,6,10,4,27,240:00,13399,Brooklyn Nets,,,,,,,97,37,86,76.9,15,21,71.4,8,28,28.6,8,31,39,18,14,3,14,8,-27,240:00,Atlanta Hawks
,,,,,,114,41,88,46.6,17,22,77.3,15,32,46.9,12,33,45,28,19,6,11,8,12,240:00,13414,Brooklyn Nets,,,,,,,102,37,87,77.3,17,23,73.9,11,34,32.4,12,30,42,23,19,4,12,4,-12,240:00,Atlanta Hawks
,,,,,,132,50,90,55.6,12,14,85.7,20,42,47.6,11,32,43,40,14,9,9,5,41,240:00,13569,Atlanta Hawks,,,,,,,91,35,84,85.7,10,14,71.4,11,39,28.2,11,28,39,25,9,3,15,4,-41,240:00,Charlotte Hornets
,,,,,,114,43,82,52.4,10,16,62.5,18,40,45.0,7,31,38,35,20,7,18,2,-1,240:00,13707,Atlanta Hawks,,,,,,,115,40,79,62.5,21,22,95.5,14,36,38.9,5,28,33,25,18,11,14,2,1,240:00,Charlotte Hornets
,,,,,,125,39,81,48.1,33,38,86.8,14,38,36.8,7,32,39,25,28,11,14,9,5,240:00,14133,Atlanta Hawks,,,,,,,120,37,96,86.8,25,31,80.6,21,51,41.2,22,31,53,22,28,7,18,4,-5,240:00,Charlotte Hornets
,,,,,,122,44,89,49.4,19,20,95.0,15,37,40.5,12,34,46,27,18,7,13,4,23,240:00,13325,Charlotte Hornets,,,,,,,99,36,89,95.0,18,20,90.0,9,38,23.7,15,30,45,23,20,5,16,6,-23,240:00,Atlanta Hawks
,,,,,,126,44,94,46.8,24,29,82.8,14,43,32.6,15,34,49,33,20,4,12,3,-10,240:00,13311,Atlanta Hawks,,,,,,,136,51,92,82.8,21,29,72.4,13,28,46.4,7,36,43,29,22,6,6,2,10,240:00,Chicago Bulls
,,,,,,113,41,89,46.1,22,30,73.3,9,29,31.0,10,29,39,31,19,8,14,5,-12,240:00,14252,Atlanta Hawks,,,,,,,125,46,92,73.3,20,23,87.0,13,39,33.3,13,34,47,30,18,12,18,6,12,240:00,Chicago Bulls
,,,,,,101,37,94,39.4,20,24,83.3,7,28,25.0,16,35,51,17,17,8,8,2,-12,240:00,13639,Chicago Bulls,,,,,,,113,41,82,83.3,12,18,66.7,19,40,47.5,8,37,45,29,21,4,15,5,12,240:00,Atlanta Hawks
,,,,,,131,54,95,56.8,12,15,80.0,11,26,42.3,10,37,47,27,20,6,10,8,15,240:00,13934,Chicago Bulls,,,,,,,116,41,91,80.0,23,28,82.1,11,37,29.7,8,26,34,30,16,4,11,2,-15,240:00,Atlanta Hawks
,,,,,,136,49,86,57.0,19,21,90.5,19,43,44.2,5,36,41,36,17,8,19,10,14,240:00,14347,Chicago Bulls,,,,,,,122,49,107,90.5,14,19,73.7,10,34,29.4,14,28,42,32,16,11,11,4,-14,240:00,Atlanta Hawks
,,,,,,95,37,93,39.8,10,15,66.7,11,38,28.9,11,34,45,25,15,5,11,4,-21,240:00,13143,Atlanta Hawks,,,,,,,116,43,85,66.7,14,16,87.5,16,43,37.2,4,45,49,32,16,7,14,6,21,240:00,Cleveland Cavaliers
,,,,,,112,43,84,51.2,15,20,75.0,11,30,36.7,8,34,42,27,17,7,11,3,11,240:00,13443,Atlanta Hawks,,,,,,,101,39,89,75.0,13,17,76.5,10,44,22.7,10,32,42,27,16,5,15,4,-11,240:00,Cleveland Cavaliers
,,,,,,143,51,97,52.6,26,30,86.7,15,34,44.1,12,24,36,32,24,7,7,2,-5,240:00,13182,Atlanta Hawks,,,,,,,148,51,85,86.7,27,32,84.4,19,35,54.3,6,31,37,28,25,3,13,5,5,240:00,Dallas Mavericks
,,,,,,119,48,101,47.5,14,16,87.5,9,31,29.0,9,30,39,32,15,10,14,6,-10,240:00,14368,Atlanta Hawks,,,,,,,129,47,94,87.5,19,22,86.4,16,35,45.7,10,41,51,24,13,6,18,8,10,240:00,Dallas Mavericks
,,,,,,109,38,94,40.4,15,17,88.2,18,49,36.7,11,42,53,20,17,7,14,7,14,240:00,13672,Dallas Mavericks,,,,,,,95,34,85,88.2,14,21,66.7,13,38,34.2,11,45,56,21,22,7,21,2,-14,240:00,Atlanta Hawks
,,,,,,142,53,88,60.2,13,16,81.3,23,41,56.1,6,41,47,38,21,9,17,7,32,240:00,13678,Denver Nuggets,,,,,,,110,37,87,81.3,24,29,82.8,12,37,32.4,11,27,38,30,18,8,16,2,-32,240:00,Atlanta Hawks
,,,,,,121,49,90,54.4,10,15,66.7,13,38,34.2,6,42,48,36,13,9,16,8,8,240:00,13652,Atlanta Hawks,,,,,,,113,43,94,66.7,17,21,81.0,10,30,33.3,8,29,37,24,13,14,10,3,-8,240:00,Detroit Pistons
,,,,,,122,44,86,51.2,21,31,67.7,13,33,39.4,11,34,45,27,18,7,21,8,1,240:00,14239,Detroit Pistons,,,,,,,121,44,97,67.7,18,23,78.3,15,36,41.7,15,29,44,30,21,12,18,6,-1,240:00,Atlanta Hawks
,,,,,,134,51,91,56.0,16,22,72.7,16,33,48.5,11,38,49,26,18,6,10,9,22,240:00,13174,Golden State Warriors,,,,,,,112,39,94,72.7,20,26,76.9,14,43,32.6,13,32,45,30,16,7,11,2,-22,240:00,Atlanta Hawks
,,,,,,120,47,101,46.5,12,18,66.7,14,40,35.0,9,45,54,36,17,10,15,7,23,240:00,14338,Golden State Warriors,,,,,,,97,35,105,66.7,15,24,62.5,12,46,26.1,21,44,65,27,17,9,17,5,-23,240:00,Atlanta Hawks
,,,,,,141,55,114,48.2,17,22,77.3,14,43,32.6,16,41,57,27,20,5,8,4,7,240:00,13247,Atlanta Hawks,,,,,,,134,50,112,77.3,16,20,80.0,18,56,32.1,14,43,57,26,23,4,14,7,-7,240:00,Golden State Warriors
,,,,,,122,40,88,45.5,28,37,75.7,14,41,34.1,9,32,41,25,18,7,11,8,9,240:00,13302,Atlanta Hawks,,,,,,,113,44,100,75.7,12,19,63.2,13,43,30.2,16,42,58,22,26,6,17,6,-9,240:00,Houston Rockets
,,,,,,108,40,89,44.9,17,23,73.9,11,30,36.7,12,16,28,25,13,14,15,2,-18,240:00,13081,Atlanta Hawks,,,,,,,126,53,79,73.9,9,12,75.0,11,18,61.1,10,35,45,41,21,12,27,9,18,240:00,Indiana Pacers
,,,,,,131,47,89,52.8,22,31,71.0,15,39,38.5,12,31,43,35,23,14,20,2,1,240:00,14060,Atlanta Hawks,,,,,,,130,47,86,71.0,23,32,71.9,13,39,33.3,12,31,43,32,22,14,21,5,-1,240:00,Indiana Pacers
,,,,,,150,60,94,63.8,11,13,84.6,19,39,48.7,8,31,39,50,24,12,16,3,34,240:00,13028,Indiana Pacers,,,,,,,116,40,93,84.6,26,30,86.7,10,42,23.8,14,25,39,21,11,6,14,3,-34,240:00,Atlanta Hawks
,,,,,,157,65,100,65.0,8,10,80.0,19,36,52.8,12,36,48,41,24,10,16,6,42,240:00,13736,Indiana Pacers,,,,,,,115,39,89,80.0,25,27,92.6,12,36,33.3,9,23,32,25,12,6,17,5,-42,240:00,Atlanta Hawks
,,,,,,93,28,74,37.8,26,29,89.7,11,36,30.6,10,30,40,17,13,10,16,5,-17,240:00,13530,LA Clippers,,,,,,,110,41,84,89.7,11,12,91.7,17,34,50.0,10,35,45,32,22,10,16,7,17,240:00,Atlanta Hawks
,,,,,,144,51,95,53.7,22,27,81.5,20,39,51.3,13,26,39,35,22,5,11,4,-5,240:00,13264,Atlanta Hawks,,,,,,,149,52,89,81.5,24,31,77.4,21,35,60.0,8,28,36,32,19,8,8,5,5,240:00,LA Clippers
,,,,,,136,52,90,57.8,17,20,85.0,15,36,41.7,4,44,48,39,15,6,9,4,31,240:00,13538,Los Angeles Lakers,,,,,,,105,42,98,85.0,12,15,80.0,9,41,22.0,12,30,42,32,14,8,9,5,-31,240:00,Atlanta Hawks
,,,,,,138,53,101,52.5,16,18,88.9,16,38,42.1,12,34,46,32,18,10,12,2,16,240:00,13217,Atlanta Hawks,,,,,,,122,48,90,88.9,14,25,56.0,12,33,36.4,7,30,37,28,16,12,14,3,-16,240:00,Los Angeles Lakers
,,,,,,92,30,74,40.5,22,30,73.3,10,26,38.5,10,28,38,21,19,10,13,11,-7,240:00,13461,Memphis Grizzlies,,,,,,,99,37,87,73.3,10,15,66.7,15,35,42.9,15,32,47,21,20,9,16,5,7,240:00,Atlanta Hawks
,,,,,,111,45,113,39.8,11,14,78.6,10,46,21.7,17,42,59,28,23,13,16,2,-6,240:00,13695,Atlanta Hawks,,,,,,,117,42,88,78.6,15,21,71.4,18,45,40.0,5,41,46,29,16,8,18,3,6,240:00,Miami Heat
,,,,,,108,38,82,46.3,20,22,90.9,12,31,38.7,13,31,44,21,17,7,18,2,-1,240:00,13135,Miami Heat,,,,,,,109,40,87,90.9,14,17,82.4,15,35,42.9,9,29,38,23,20,6,15,2,1,240:00,Atlanta Hawks
,,,,,,120,46,90,51.1,15,18,83.3,13,42,31.0,9,38,47,34,24,15,20,2,9,240:00,14067,Miami Heat,,,,,,,111,37,87,83.3,20,26,76.9,17,45,37.8,9,29,38,28,21,11,22,2,-9,240:00,Atlanta Hawks
,,,,,,113,42,92,45.7,15,18,83.3,14,35,40.0,9,30,39,24,26,5,11,3,-9,240:00,13624,Atlanta Hawks,,,,,,,122,43,78,83.3,28,35,80.0,8,28,28.6,6,34,40,27,18,7,12,5,9,240:00,Milwaukee Bucks
,,,,,,109,38,79,48.1,23,29,79.3,10,37,27.0,7,37,44,29,22,8,14,11,3,240:00,13726,Minnesota Timberwolves,,,,,,,106,40,90,79.3,17,25,68.0,9,30,30.0,9,31,40,23,25,4,15,1,-3,240:00,Atlanta Hawks
,,,,,,103,38,91,41.8,10,13,76.9,17,46,37.0,12,29,41,28,15,6,11,4,-13,240:00,13473,Atlanta Hawks,,,,,,,116,43,75,76.9,16,22,72.7,14,27,51.9,4,39,43,32,10,8,12,7,13,240:00,New Orleans Pelicans
,,,,,,111,39,90,43.3,17,20,85.0,16,38,42.1,18,25,43,22,16,6,18,3,-15,240:00,14206,New Orleans Pelicans,,,,,,,126,50,88,85.0,11,12,91.7,15,36,41.7,10,31,41,29,17,10,16,3,15,240:00,Atlanta Hawks
,,,,,,121,45,100,45.0,16,22,72.7,15,38,39.5,16,32,48,31,14,12,8,4,5,240:00,14225,Atlanta Hawks,,,,,,,116,41,84,72.7,12,15,80.0,22,47,46.8,7,34,41,29,18,5,16,5,-5,240:00,New York Knicks
,,,,,,100,38,99,38.4,8,11,72.7,16,52,30.8,17,23,40,27,18,8,12,6,-16,240:00,13437,New York Knicks,,,,,,,116,44,87,72.7,18,23,78.3,10,31,32.3,13,38,51,26,13,6,16,5,16,240:00,Atlanta Hawks
,,,,,,141,48,95,50.5,31,33,93.9,14,39,35.9,15,34,49,30,21,8,13,5,3,240:00,13015,Atlanta Hawks,,,,,,,138,50,91,93.9,20,26,76.9,18,36,50.0,9,28,37,30,23,10,13,1,-3,240:00,Oklahoma City Thunder
,,,,,,104,36,82,43.9,18,25,72.0,14,37,37.8,9,41,50,27,12,12,16,8,5,240:00,14104,Oklahoma City Thunder,,,,,,,99,39,101,72.0,5,5,100.0,16,54,29.6,17,34,51,25,22,9,18,5,-5,240:00,Atlanta Hawks
,,,,,,128,44,89,49.4,24,32,75.0,16,40,40.0,11,34,45,26,23,13,10,12,24,240:00,14154,Oklahoma City Thunder,,,,,,,104,36,91,75.0,22,29,75.9,10,31,32.3,17,32,49,24,23,7,20,4,-24,240:00,Atlanta Hawks
,,,,,,106,39,76,51.3,20,22,90.9,8,25,32.0,10,31,41,21,17,8,23,2,2,240:00,13118,Atlanta Hawks,,,,,,,104,39,88,90.9,16,22,72.7,10,35,28.6,16,24,40,18,22,16,13,8,-2,240:00,Orlando Magic
,,,,,,109,41,90,45.6,15,17,88.2,12,29,41.4,9,35,44,31,17,10,10,3,17,240:00,13369,Atlanta Hawks,,,,,,,92,35,84,88.2,8,18,44.4,14,38,36.8,14,37,51,23,19,7,20,9,-17,240:00,Orlando Magic
,,,,,,117,43,98,43.9,14,22,63.6,17,41,41.5,13,44,57,25,24,8,13,3,7,240:00,13047,Orlando Magic,,,,,,,110,42,91,63.6,17,29,58.6,9,30,30.0,8,42,50,21,23,9,13,10,-7,240:00,Atlanta Hawks
,,,,,,139,48,102,47.1,31,42,73.8,12,34,35.3,16,39,55,32,21,6,13,8,7,240:00,13069,Atlanta Hawks,,,,,,,132,46,102,73.8,28,33,84.8,12,34,35.3,13,38,51,26,28,8,11,9,-7,240:00,Philadelphia 76ers
,,,,,,89,22,52,42.3,2,3,66.7,7,21,33.3,5,20,25,17,12,5,12,2,-15,240:00,14087,Atlanta Hawks,,,,,,,104,22,48,66.7,10,14,71.4,9,24,37.5,6,22,28,16,11,6,12,5,15,240:00,Philadelphia 76ers
,,,,,,121,42,98,42.9,22,29,75.9,15,45,33.3,18,31,49,24,24,7,10,6,-6,240:00,13290,Philadelphia 76ers,,,,,,,127,42,81,75.9,27,33,81.8,16,36,44.4,9,31,40,31,19,4,13,9,6,240:00,Atlanta Hawks
,,,,,,128,41,74,55.4,24,27,88.9,22,41,53.7,7,31,38,28,19,4,17,11,13,240:00,13558,Phoenix Suns,,,,,,,115,40,91,88.9,23,29,79.3,12,35,34.3,12,24,36,27,23,11,11,3,-13,240:00,Atlanta Hawks
,,,,,,129,49,95,51.6,14,18,77.8,17,44,38.6,12,31,43,29,13,7,10,4,9,240:00,13238,Atlanta Hawks,,,,,,,120,47,88,77.8,12,14,85.7,14,37,37.8,8,30,38,31,17,6,17,5,-9,240:00,Phoenix Suns
,,,,,,120,44,85,51.8,16,20,80.0,16,41,39.0,8,33,41,23,17,12,17,9,14,240:00,13599,Atlanta Hawks,,,,,,,106,43,85,80.0,6,10,60.0,14,31,45.2,6,27,33,35,18,8,19,2,-14,240:00,Portland Trail Blazers
,,,,,,106,38,82,46.3,20,24,83.3,10,30,33.3,12,37,49,24,21,7,18,5,4,240:00,13501,Portland Trail Blazers,,,,,,,102,38,88,83.3,12,18,66.7,14,39,35.9,13,25,38,19,23,11,15,6,-4,240:00,Atlanta Hawks
,,,,,,114,44,95,46.3,12,19,63.2,14,38,36.8,18,22,40,31,21,16,20,10,4,240:00,14313,Portland Trail Blazers,,,,,,,110,39,85,63.2,21,25,84.0,11,32,34.4,16,31,47,30,19,10,27,7,-4,240:00,Atlanta Hawks
,,,,,,115,41,92,44.6,14,18,77.8,19,50,38.0,8,32,40,30,22,8,13,4,-8,240:00,14189,Atlanta Hawks,,,,,,,123,43,89,77.8,26,30,86.7,11,33,33.3,10,41,51,28,21,9,14,4,8,240:00,Sacramento Kings
,,,,,,122,43,93,46.2,24,27,88.9,12,38,31.6,10,41,51,22,21,8,9,2,15,240:00,13161,Sacramento Kings,,,,,,,107,36,93,88.9,21,27,77.8,14,40,35.0,13,37,50,19,19,2,12,7,-15,240:00,Atlanta Hawks
,,,,,,108,37,85,43.5,14,19,73.7,20,46,43.5,9,36,45,24,20,9,17,4,-1,240:00,14324,Sacramento Kings,,,,,,,109,39,83,73.7,15,18,83.3,16,38,42.1,6,31,37,34,19,7,14,7,1,240:00,Atlanta Hawks
,,,,,,109,40,93,43.0,16,21,76.2,13,38,34.2,13,43,56,24,19,8,20,6,10,240:00,13107,Atlanta Hawks,,,,,,,99,38,95,76.2,12,17,70.6,11,42,26.2,9,35,44,27,18,10,18,8,-10,240:00,San Antonio Spurs
,,,,,,126,44,95,46.3,32,40,80.0,6,27,22.2,20,31,51,27,21,7,14,4,1,240:00,13201,Atlanta Hawks,,,,,,,125,41,89,80.0,28,32,87.5,15,31,48.4,15,31,46,29,30,12,14,3,-1,240:00,Toronto Raptors
,,,,,,121,46,106,43.4,17,24,70.8,12,39,30.8,20,34,54,27,11,5,9,4,-2,240:00,13352,Atlanta Hawks,,,,,,,123,50,102,70.8,8,8,100.0,15,39,38.5,11,36,47,37,20,3,12,7,2,240:00,Toronto Raptors
,,,,,,124,46,93,49.5,20,23,87.0,12,32,37.5,15,40,55,27,15,8,18,8,27,240:00,13383,Atlanta Hawks,,,,,,,97,35,94,87.0,16,19,84.2,11,38,28.9,12,31,43,24,15,11,18,4,-27,240:00,Utah Jazz
,,,,,,124,46,90,51.1,18,20,90.0,14,36,38.9,10,39,49,24,21,6,13,7,2,240:00,13514,Utah Jazz,,,,,,,122,41,92,90.0,20,27,74.1,20,39,51.3,11,30,41,32,16,7,9,5,-2,240:00,Atlanta Hawks
,,,,,,99,32,93,34.4,24,33,72.7,11,40,27.5,16,34,50,21,20,9,16,7,-28,240:00,13091,Atlanta Hawks,,,,,,,127,47,97,72.7,21,26,80.8,12,32,37.5,12,42,54,32,22,10,12,9,28,240:00,Washington Wizards
,,,,,,119,39,81,48.1,26,36,72.2,15,40,37.5,6,33,39,32,22,12,16,7,-2,240:00,14157,Atlanta Hawks,,,,,,,121,41,91,72.2,18,22,81.8,21,44,47.7,9,34,43,24,25,7,18,3,2,240:00,Washington Wizards
,,,,,,129,46,98,46.9,25,30,83.3,12,37,32.4,15,40,55,28,17,10,16,10,12,240:00,14294,Atlanta Hawks,,,,,,,117,43,106,83.3,16,21,76.2,15,43,34.9,13,39,52,28,23,11,16,5,-12,240:00,Washington Wizards
,,,,,,133,47,88,53.4,23,25,92.0,16,38,42.1,6,31,37,32,21,10,16,5,13,240:00,14175,Washington Wizards,,,,,,,120,45,95,92.0,18,21,85.7,12,39,30.8,12,29,41,28,19,10,17,2,-13,240:00,Atlanta Hawks
,,,,,,110,39,79,49.4,17,26,65.4,15,33,45.5,7,30,37,28,21,6,12,3,-8,240:00,13319,Brooklyn Nets,,,,,,,118,43,83,65.4,17,23,73.9,15,37,40.5,7,32,39,31,24,6,14,1,8,240:00,Boston Celtics
,,,,,,114,40,79,50.6,15,18,83.3,19,43,44.2,3,31,34,26,20,4,13,3,-25,240:00,14280,Brooklyn Nets,,,,,,,139,50,93,83.3,17,24,70.8,22,46,47.8,12,33,45,35,17,7,8,6,25,240:00,Boston Celtics
,,,,,,136,52,91,57.1,10,12,83.3,22,45,48.9,10,41,51,32,13,6,10,5,50,240:00,13328,Boston Celtics,,,,,,,86,31,81,83.3,14,15,93.3,10,31,32.3,6,25,31,27,12,5,12,1,-50,240:00,Brooklyn Nets
,,,,,,108,39,90,43.3,16,19,84.2,14,53,26.4,4,35,39,23,15,7,13,9,4,240:00,14241,Boston Celtics,,,,,,,104,41,100,84.2,12,15,80.0,10,38,26.3,12,39,51,24,22,6,13,3,-4,240:00,Brooklyn Nets
,,,,,,104,41,91,45.1,9,11,81.8,13,37,35.1,8,32,40,28,15,3,7,2,-14,240:00,13635,Charlotte Hornets,,,,,,,118,43,89,81.8,13,16,81.3,19,53,35.8,11,40,51,28,15,3,11,3,14,240:00,Boston Celtics
,,,,,,109,42,91,46.2,6,12,50.0,19,48,39.6,12,30,42,20,26,5,16,5,-15,240:00,14186,Charlotte Hornets,,,,,,,124,41,86,50.0,29,35,82.9,13,42,31.0,11,30,41,21,13,12,10,5,15,240:00,Boston Celtics
,,,,,,103,40,91,44.0,6,9,66.7,17,42,40.5,7,27,34,24,25,10,13,1,-10,240:00,14195,Charlotte Hornets,,,,,,,113,36,82,66.7,25,28,89.3,16,52,30.8,8,36,44,23,17,4,15,4,10,240:00,Boston Celtics
,,,,,,131,54,104,51.9,9,13,69.2,14,41,34.1,16,37,53,34,20,12,6,1,33,240:00,13721,Boston Celtics,,,,,,,98,32,76,69.2,19,22,86.4,15,35,42.9,4,29,33,20,15,3,20,7,-33,240:00,Charlotte Hornets
,,,,,,112,44,94,46.8,14,16,87.5,10,28,35.7,13,32,45,30,17,6,13,2,-17,240:00,13345,Chicago Bulls,,,,,,,129,45,83,87.5,16,21,76.2,23,47,48.9,5,31,36,27,16,10,14,11,17,240:00,Boston Celtics
,,,,,,113,47,82,57.3,10,11,90.9,9,24,37.5,3,26,29,36,18,7,7,3,-11,240:00,13571,Chicago Bulls,,,,,,,124,44,86,90.9,15,17,88.2,21,48,43.8,12,29,41,28,9,5,12,3,11,240:00,Boston Celtics
,,,,,,120,45,92,48.9,12,14,85.7,18,46,39.1,13,42,55,22,13,2,9,7,25,240:00,14017,Boston Celtics,,,,,,,95,37,90,85.7,10,13,76.9,11,42,26.2,7,31,38,19,18,2,5,3,-25,240:00,Cleveland Cavaliers
,,,,,,94,33,80,41.3,20,24,83.3,8,35,22.9,6,25,31,22,15,5,7,3,-24,240:00,14018,Boston Celtics,,,,,,,118,47,86,83.3,11,16,68.8,13,28,46.4,7,37,44,24,20,4,12,3,24,240:00,Cleveland Cavaliers
,,,,,,113,42,80,52.5,10,12,83.3,19,43,44.2,11,32,43,32,15,6,14,6,15,240:00,14021,Boston Celtics,,,,,,,98,38,79,83.3,9,12,75.0,13,31,41.9,6,22,28,25,16,5,10,2,-15,240:00,Cleveland Cavaliers
,,,,,,120,44,86,51.2,10,14,71.4,22,41,53.7,9,33,42,32,19,4,13,4,3,240:00,14326,Boston Celtics,,,,,,,117,46,93,71.4,15,17,88.2,10,29,34.5,12,29,41,30,15,4,7,3,-3,240:00,Cleveland Cavaliers
,,,,,,105,39,90,43.3,7,11,63.6,20,42,47.6,8,34,42,28,10,11,9,3,1,240:00,13434,Cleveland Cavaliers,,,,,,,104,39,93,63.6,11,12,91.7,15,38,39.5,14,39,53,24,13,6,13,9,-1,240:00,Boston Celtics
,,,,,,93,36,84,42.9,9,10,90.0,12,36,33.3,7,28,35,17,14,4,8,2,-13,240:00,14019,Cleveland Cavaliers,,,,,,,106,41,80,90.0,11,14,78.6,13,34,38.2,9,35,44,22,14,3,12,4,13,240:00,Boston Celtics
,,,,,,102,41,94,43.6,5,7,71.4,15,48,31.3,8,24,32,26,17,8,8,3,-7,240:00,14020,Cleveland Cavaliers,,,,,,,109,38,78,71.4,21,24,87.5,12,32,37.5,10,38,48,15,12,6,15,4,7,240:00,Boston Celtics
,,,,,,110,43,97,44.3,10,14,71.4,14,40,35.0,10,38,48,24,20,4,10,4,-9,240:00,13159,Dallas Mavericks,,,,,,,119,41,88,71.4,22,30,73.3,15,46,32.6,5,39,44,26,20,7,6,8,9,240:00,Boston Celtics
,,,,,,99,38,86,44.2,14,16,87.5,9,25,36.0,7,36,43,15,17,5,9,1,-7,240:00,14040,Dallas Mavericks,,,,,,,106,38,82,87.5,13,14,92.9,17,46,37.0,6,30,36,26,19,4,9,6,7,240:00,Boston Celtics
,,,,,,122,46,91,50.5,15,22,68.2,15,37,40.5,13,39,52,21,17,7,9,2,38,240:00,14041,Dallas Mavericks,,,,,,,84,29,80,68.2,12,13,92.3,14,41,34.1,4,27,31,18,19,2,14,5,-38,240:00,Boston Celtics
,,,,,,138,52,94,55.3,13,13,100.0,21,43,48.8,9,38,47,33,15,4,9,8,28,240:00,13407,Boston Celtics,,,,,,,110,44,94,100.0,13,18,72.2,9,34,26.5,10,32,42,20,12,4,8,4,-28,240:00,Dallas Mavericks
,,,,,,107,39,82,47.6,13,19,68.4,16,42,38.1,10,37,47,23,16,6,14,9,18,240:00,14038,Boston Celtics,,,,,,,89,35,84,68.4,12,19,63.2,7,27,25.9,10,33,43,9,16,8,11,1,-18,240:00,Dallas Mavericks
,,,,,,105,38,84,45.2,19,20,95.0,10,39,25.6,10,31,41,29,15,10,11,5,7,240:00,14039,Boston Celtics,,,,,,,98,38,80,95.0,16,24,66.7,6,26,23.1,9,34,43,21,17,5,15,3,-7,240:00,Dallas Mavericks
,,,,,,106,38,89,42.7,17,20,85.0,13,39,33.3,15,36,51,25,15,9,9,2,18,240:00,14042,Boston Celtics,,,,,,,88,35,78,85.0,7,13,53.8,11,37,29.7,7,28,35,18,20,4,13,4,-18,240:00,Dallas Mavericks
,,,,,,115,45,90,50.0,21,22,95.5,4,21,19.0,8,37,45,27,19,10,8,4,6,240:00,13454,Denver Nuggets,,,,,,,109,41,91,95.5,16,25,64.0,11,38,28.9,13,34,47,24,18,6,12,3,-6,240:00,Boston Celtics
,,,,,,103,37,86,43.0,17,26,65.4,12,32,37.5,12,37,49,29,24,10,24,2,-4,240:00,14045,Denver Nuggets,,,,,,,107,37,98,65.4,13,17,76.5,20,61,32.8,17,27,44,29,24,13,18,8,4,240:00,Boston Celtics
,,,,,,100,38,89,42.7,10,14,71.4,14,44,31.8,12,26,38,21,17,5,3,2,-2,240:00,13134,Boston Celtics,,,,,,,102,42,81,71.4,10,13,76.9,8,31,25.8,10,37,47,20,13,0,11,3,2,240:00,Denver Nuggets
,,,,,,130,47,93,50.5,18,22,81.8,18,47,38.3,7,31,38,33,27,10,9,3,26,240:00,14048,Boston Celtics,,,,,,,104,34,80,81.8,28,36,77.8,8,34,23.5,12,30,42,24,24,3,20,1,-26,240:00,Denver Nuggets
,,,,,,119,43,95,45.3,11,13,84.6,22,49,44.9,15,38,53,30,9,8,11,8,25,240:00,13532,Boston Celtics,,,,,,,94,36,84,84.6,13,15,86.7,9,29,31.0,8,35,43,21,15,6,13,3,-25,240:00,Detroit Pistons
,,,,,,102,42,83,50.6,9,13,69.2,9,31,29.0,8,34,42,25,23,4,19,1,-27,240:00,13559,Detroit Pistons,,,,,,,129,47,89,69.2,19,27,70.4,16,45,35.6,8,27,35,31,15,9,7,5,27,240:00,Boston Celtics
,,,,,,118,43,88,48.9,18,22,81.8,14,39,35.9,9,35,44,27,22,4,15,7,-6,240:00,14143,Detroit Pistons,,,,,,,124,38,90,81.8,26,30,86.7,22,48,45.8,13,24,37,19,16,10,10,6,6,240:00,Boston Celtics
,,,,,,140,53,96,55.2,9,11,81.8,25,49,51.0,7,44,51,35,19,10,8,5,52,240:00,13420,Boston Celtics,,,,,,,88,36,92,81.8,9,13,69.2,7,41,17.1,12,34,46,24,13,2,17,3,-52,240:00,Golden State Warriors
,,,,,,112,38,90,42.2,17,21,81.0,19,54,35.2,13,34,47,22,18,5,12,3,-6,240:00,14226,Boston Celtics,,,,,,,118,42,91,81.0,20,24,83.3,14,34,41.2,15,38,53,22,19,6,11,5,6,240:00,Golden State Warriors
,,,,,,107,41,94,43.6,15,22,68.2,10,35,28.6,11,38,49,26,17,9,15,3,-9,240:00,13151,Houston Rockets,,,,,,,116,43,98,68.2,13,18,72.2,17,47,36.2,16,39,55,31,17,10,16,12,9,240:00,Boston Celtics
,,,,,,145,51,95,53.7,19,25,76.0,24,47,51.1,10,40,50,26,21,7,12,8,32,240:00,13090,Boston Celtics,,,,,,,113,40,99,76.0,26,30,86.7,7,30,23.3,15,35,50,20,18,10,13,3,-32,240:00,Houston Rockets
,,,,,,101,38,92,41.3,17,22,77.3,8,42,19.0,10,28,38,23,18,12,9,2,-17,240:00,13041,Indiana Pacers,,,,,,,118,46,90,77.3,10,19,52.6,16,41,39.0,13,43,56,26,20,6,18,6,17,240:00,Boston Celtics
,,,,,,133,48,91,52.7,18,22,81.8,19,40,47.5,9,30,39,29,23,6,13,7,2,240:00,13055,Indiana Pacers,,,,,,,131,47,90,81.8,20,29,69.0,17,35,48.6,13,29,42,26,20,3,15,8,-2,240:00,Boston Celtics
,,,,,,111,46,91,50.5,14,14,100.0,5,22,22.7,9,34,43,32,21,4,11,1,-3,240:00,14028,Indiana Pacers,,,,,,,114,39,83,100.0,20,26,76.9,16,46,34.8,7,29,36,24,18,7,8,12,3,240:00,Boston Celtics
,,,,,,102,40,87,46.0,12,16,75.0,10,29,34.5,13,34,47,24,19,5,14,4,-3,240:00,14030,Indiana Pacers,,,,,,,105,40,89,75.0,11,14,78.6,14,44,31.8,12,32,44,22,18,10,13,6,3,240:00,Boston Celtics
,,,,,,135,50,104,48.1,20,24,83.3,15,38,39.5,16,41,57,33,26,10,19,5,3,240:00,14173,Indiana Pacers,,,,,,,132,44,109,83.3,25,31,80.6,19,57,33.3,18,33,51,23,19,11,14,5,-3,240:00,Boston Celtics
,,,,,,129,47,87,54.0,18,22,81.8,17,36,47.2,7,33,40,25,16,6,12,9,5,240:00,13218,Boston Celtics,,,,,,,124,50,108,81.8,12,15,80.0,12,39,30.8,19,31,50,33,21,4,8,2,-5,240:00,Indiana Pacers
,,,,,,133,47,99,47.5,24,30,80.0,15,45,33.3,13,30,43,30,15,11,15,5,5,240:00,14024,Boston Celtics,,,,,,,128,53,99,80.0,9,10,90.0,13,35,37.1,10,34,44,38,23,8,22,4,-5,240:00,Indiana Pacers
,,,,,,126,47,88,53.4,17,20,85.0,15,37,40.5,13,27,40,28,16,9,12,2,16,240:00,14026,Boston Celtics,,,,,,,110,44,84,85.0,11,16,68.8,11,29,37.9,12,25,37,23,23,5,16,2,-16,240:00,Indiana Pacers
,,,,,,96,36,100,36.0,14,16,87.5,10,40,25.0,18,34,52,21,13,2,11,9,-19,240:00,13194,Boston Celtics,,,,,,,115,45,102,87.5,15,18,83.3,10,40,25.0,15,43,58,28,20,8,8,8,19,240:00,LA Clippers
,,,,,,126,45,88,51.1,14,20,70.0,22,51,43.1,8,39,47,33,12,10,11,11,32,240:00,14369,Boston Celtics,,,,,,,94,39,90,70.0,9,13,69.2,7,26,26.9,10,34,44,18,12,8,14,3,-32,240:00,LA Clippers
,,,,,,105,41,97,42.3,7,7,100.0,16,48,33.3,14,40,54,30,19,4,15,12,-9,240:00,13232,Boston Celtics,,,,,,,114,38,94,100.0,19,26,73.1,19,36,52.8,15,37,52,30,8,11,7,2,9,240:00,Los Angeles Lakers
,,,,,,131,48,99,48.5,16,18,88.9,19,51,37.3,17,40,57,30,13,12,11,4,40,240:00,13254,Boston Celtics,,,,,,,91,35,92,88.9,10,12,83.3,11,38,28.9,16,30,46,19,15,5,21,3,-40,240:00,Memphis Grizzlies
,,,,,,114,39,82,47.6,14,16,87.5,22,49,44.9,10,34,44,27,10,6,11,6,20,240:00,13982,Boston Celtics,,,,,,,94,38,81,87.5,6,6,100.0,12,37,32.4,5,29,34,23,13,4,11,1,-20,240:00,Miami Heat
,,,,,,101,37,80,46.3,15,21,71.4,12,32,37.5,6,33,39,21,17,9,13,8,-10,240:00,13984,Boston Celtics,,,,,,,111,37,75,71.4,14,18,77.8,23,43,53.5,4,36,40,25,22,9,14,1,10,240:00,Miami Heat
,,,,,,118,42,77,54.5,18,27,66.7,16,40,40.0,8,48,56,23,15,5,15,3,34,240:00,13991,Boston Celtics,,,,,,,84,36,87,66.7,9,10,90.0,3,29,10.3,2,27,29,20,17,4,6,0,-34,240:00,Miami Heat
,,,,,,110,42,94,44.7,10,13,76.9,16,42,38.1,11,20,31,25,12,7,5,1,-33,240:00,13178,Miami Heat,,,,,,,143,51,80,76.9,19,20,95.0,22,40,55.0,6,41,47,36,10,4,11,5,33,240:00,Boston Celtics
,,,,,,106,40,97,41.2,14,15,93.3,12,40,30.0,14,31,45,21,14,4,7,2,-4,240:00,13307,Miami Heat,,,,,,,110,41,81,93.3,12,17,70.6,16,39,41.0,6,36,42,27,13,1,11,9,4,240:00,Boston Celtics
,,,,,,84,32,77,41.6,11,14,78.6,9,28,32.1,9,27,36,21,14,2,12,2,-20,240:00,13987,Miami Heat,,,,,,,104,39,82,78.6,15,21,71.4,11,37,29.7,10,33,43,22,16,4,6,6,20,240:00,Boston Celtics
,,,,,,88,35,86,40.7,9,12,75.0,9,33,27.3,8,34,42,17,18,4,15,3,-14,240:00,13989,Miami Heat,,,,,,,102,36,86,75.0,16,18,88.9,14,37,37.8,11,35,46,21,20,5,11,3,14,240:00,Boston Celtics
,,,,,,122,40,85,47.1,24,29,82.8,18,40,45.0,11,26,37,25,18,6,9,5,3,240:00,13546,Boston Celtics,,,,,,,119,45,84,82.8,12,14,85.7,17,35,48.6,9,32,41,20,25,3,15,6,-3,240:00,Milwaukee Bucks
,,,,,,119,43,87,49.4,15,19,78.9,18,47,38.3,4,34,38,24,18,5,14,5,11,240:00,14158,Boston Celtics,,,,,,,108,37,82,78.9,26,31,83.9,8,31,25.8,8,35,43,18,24,7,17,6,-11,240:00,Milwaukee Bucks
,,,,,,135,52,92,56.5,13,16,81.3,18,42,42.9,12,42,54,34,22,3,11,6,33,240:00,13076,Milwaukee Bucks,,,,,,,102,34,91,81.3,25,30,83.3,9,35,25.7,6,25,31,22,13,5,6,5,-33,240:00,Boston Celtics
,,,,,,104,43,81,53.1,1,2,50.0,17,36,47.2,10,39,49,29,4,6,18,5,13,240:00,13696,Milwaukee Bucks,,,,,,,91,37,93,50.0,0,0,0.0,17,52,32.7,12,26,38,27,8,11,12,4,-13,240:00,Boston Celtics
,,,,,,107,39,81,48.1,16,21,76.2,13,32,40.6,5,36,41,21,18,9,13,8,-6,240:00,14256,Milwaukee Bucks,,,,,,,113,35,86,76.2,24,27,88.9,19,50,38.0,8,34,42,27,16,5,12,2,6,240:00,Boston Celtics
,,,,,,127,39,90,43.3,30,31,96.8,19,47,40.4,7,39,46,21,19,5,8,4,7,240:00,13065,Boston Celtics,,,,,,,120,44,95,96.8,18,20,90.0,14,34,41.2,8,39,47,22,27,4,9,6,-7,240:00,Minnesota Timberwolves
,,,,,,107,37,87,42.5,12,15,80.0,21,56,37.5,8,32,40,25,23,5,7,7,2,240:00,14359,Boston Celtics,,,,,,,105,37,88,80.0,16,21,76.2,15,41,36.6,11,38,49,19,18,2,8,1,-2,240:00,Minnesota Timberwolves
,,,,,,118,43,85,50.6,15,20,75.0,17,46,37.0,6,34,40,27,15,7,11,5,6,240:00,13207,Boston Celtics,,,,,,,112,46,91,75.0,10,13,76.9,10,35,28.6,9,31,40,21,14,7,12,6,-6,240:00,New Orleans Pelicans
,,,,,,92,34,86,39.5,11,18,61.1,13,35,37.1,10,31,41,22,12,9,9,3,-12,240:00,13622,New Orleans Pelicans,,,,,,,104,39,82,61.1,11,12,91.7,15,37,40.5,8,43,51,27,13,7,13,7,12,240:00,Boston Celtics
,,,,,,102,37,82,45.1,15,16,93.8,13,38,34.2,15,24,39,21,15,1,14,3,-14,240:00,13364,New York Knicks,,,,,,,116,46,81,93.8,9,12,75.0,15,35,42.9,11,25,36,27,16,8,7,4,14,240:00,Boston Celtics
,,,,,,109,40,86,46.5,13,16,81.3,16,42,38.1,10,26,36,25,16,7,12,12,-9,240:00,13715,Boston Celtics,,,,,,,118,49,99,81.3,6,10,60.0,14,36,38.9,17,35,52,24,12,7,15,4,9,240:00,New York Knicks
,,,,,,132,48,95,50.5,7,8,87.5,29,61,47.5,11,29,40,33,15,6,4,3,23,240:00,14115,Boston Celtics,,,,,,,109,43,78,87.5,12,16,75.0,11,30,36.7,5,29,34,20,12,2,12,3,-23,240:00,New York Knicks
,,,,,,127,48,91,52.7,13,17,76.5,18,40,45.0,10,28,38,34,22,7,12,10,4,240:00,13010,Oklahoma City Thunder,,,,,,,123,42,92,76.5,24,29,82.8,15,40,37.5,17,30,47,33,15,7,14,10,-4,240:00,Boston Celtics
,,,,,,135,50,92,54.3,18,19,94.7,17,40,42.5,11,35,46,33,18,7,11,10,35,240:00,13653,Boston Celtics,,,,,,,100,35,81,94.7,25,28,89.3,5,24,20.8,5,26,31,21,11,8,14,5,-35,240:00,Oklahoma City Thunder
,,,,,,117,39,74,52.7,34,37,91.9,5,22,22.7,9,47,56,21,16,7,14,9,18,240:00,13384,Boston Celtics,,,,,,,99,37,94,91.9,11,12,91.7,14,42,33.3,8,20,28,20,23,6,10,5,-18,240:00,Philadelphia 76ers
,,,,,,107,44,87,50.6,10,16,62.5,9,31,29.0,10,31,41,21,14,6,15,1,-10,240:00,13468,Phoenix Suns,,,,,,,117,46,94,62.5,10,13,76.9,15,39,38.5,13,30,43,29,12,7,12,4,10,240:00,Boston Celtics
,,,,,,127,47,89,52.8,8,11,72.7,25,50,50.0,6,27,33,31,13,12,10,5,15,240:00,13503,Boston Celtics,,,,,,,112,47,99,72.7,7,10,70.0,11,31,35.5,19,32,51,27,12,4,14,3,-15,240:00,Phoenix Suns
,,,,,,124,49,87,56.3,10,13,76.9,16,38,42.1,5,35,40,34,12,11,13,8,17,240:00,13682,Boston Celtics,,,,,,,107,40,102,76.9,13,13,100.0,14,38,36.8,22,31,53,26,12,8,15,2,-17,240:00,Portland Trail Blazers
,,,,,,99,39,87,44.8,11,11,100.0,10,28,35.7,9,29,38,23,11,3,11,5,-22,240:00,13486,Portland Trail Blazers,,,,,,,121,49,100,100.0,8,12,66.7,15,40,37.5,14,31,45,34,11,7,3,10,22,240:00,Boston Celtics
,,,,,,101,38,89,42.7,13,18,72.2,12,44,27.3,12,39,51,25,11,6,8,4,1,240:00,13666,Boston Celtics,,,,,,,100,38,99,72.2,7,13,53.8,17,51,33.3,15,39,54,21,15,4,7,3,-1,240:00,Sacramento Kings
,,,,,,117,42,90,46.7,15,19,78.9,18,38,47.4,12,42,54,22,15,5,14,6,19,240:00,13119,Boston Celtics,,,,,,,98,39,93,78.9,13,16,81.3,7,34,20.6,11,30,41,26,15,5,10,3,-19,240:00,San Antonio Spurs
,,,,,,101,40,94,42.6,9,12,75.0,12,45,26.7,9,30,39,28,17,6,16,1,-33,240:00,12996,San Antonio Spurs,,,,,,,134,51,95,75.0,17,22,77.3,15,42,35.7,13,44,57,29,12,6,11,7,33,240:00,Boston Celtics
,,,,,,115,39,95,41.1,19,23,82.6,18,53,34.0,18,32,50,29,21,7,14,5,4,240:00,14083,Boston Celtics,,,,,,,111,42,90,82.6,17,25,68.0,10,25,40.0,14,31,45,30,18,6,11,2,-4,240:00,Toronto Raptors
,,,,,,126,44,99,44.4,17,19,89.5,21,61,34.4,14,28,42,30,20,2,9,6,3,240:00,14304,Boston Celtics,,,,,,,123,50,98,89.5,14,21,66.7,9,23,39.1,15,31,46,35,19,3,9,2,-3,240:00,Toronto Raptors
,,,,,,96,38,95,40.0,16,21,76.2,4,32,12.5,9,43,52,25,21,6,7,2,-9,240:00,13111,Toronto Raptors,,,,,,,105,33,82,76.2,23,25,92.0,16,39,41.0,5,48,53,20,16,3,13,7,9,240:00,Boston Celtics
,,,,,,119,46,92,50.0,12,13,92.3,15,43,34.9,12,45,57,34,25,6,21,0,1,240:00,14091,Toronto Raptors,,,,,,,118,38,92,92.3,24,28,85.7,18,55,32.7,8,28,36,19,15,10,7,5,-1,240:00,Boston Celtics
,,,,,,107,41,86,47.7,10,11,90.9,15,32,46.9,9,29,38,23,18,4,10,7,-16,240:00,13491,Utah Jazz,,,,,,,123,43,92,90.9,17,19,89.5,20,49,40.8,14,32,46,25,14,5,9,8,16,240:00,Boston Celtics
,,,,,,126,39,90,43.3,31,36,86.1,17,49,34.7,9,47,56,24,23,9,14,8,29,240:00,13027,Boston Celtics,,,,,,,97,34,94,86.1,23,34,67.6,6,34,17.6,16,41,57,23,24,11,18,2,-29,240:00,Utah Jazz
,,,,,,104,41,89,46.1,12,14,85.7,10,34,29.4,10,30,40,24,20,3,16,5,-26,240:00,13528,Washington Wizards,,,,,,,130,43,87,85.7,20,24,83.3,24,50,48.0,12,31,43,30,17,9,15,6,26,240:00,Boston Celtics
,,,,,,102,41,95,43.2,13,18,72.2,7,36,19.4,10,30,40,27,19,9,15,6,-20,240:00,14127,Washington Wizards,,,,,,,122,42,90,72.2,21,27,77.8,17,45,37.8,12,37,49,21,19,7,14,3,20,240:00,Boston Celtics
,,,,,,96,39,90,43.3,11,16,68.8,7,28,25.0,10,38,48,19,29,6,20,4,-12,240:00,14345,Washington Wizards,,,,,,,108,36,85,68.8,25,32,78.1,11,46,23.9,10,33,43,22,19,11,12,7,12,240:00,Boston Celtics
,,,,,,133,48,92,52.2,26,28,92.9,11,34,32.4,9,40,49,25,17,9,13,5,4,240:00,13291,Boston Celtics,,,,,,,129,45,95,92.9,19,21,90.5,20,47,42.6,5,34,39,32,25,8,12,1,-4,240:00,Washington Wizards
,,,,,,132,51,89,57.3,14,21,66.7,16,32,50.0,10,38,48,29,13,10,17,15,10,240:00,13734,Boston Celtics,,,,,,,122,49,103,66.7,10,10,100.0,14,38,36.8,8,28,36,33,16,9,12,4,-10,240:00,Washington Wizards
,,,,,,110,44,81,54.3,11,15,73.3,11,30,36.7,9,36,45,26,18,9,17,3,11,240:00,13466,Charlotte Hornets,,,,,,,99,36,90,73.3,13,17,76.5,14,42,33.3,16,25,41,22,14,4,16,2,-11,240:00,Brooklyn Nets
,,,,,,116,42,85,49.4,14,19,73.7,18,41,43.9,10,26,36,31,19,8,15,8,1,240:00,14327,Brooklyn Nets,,,,,,,115,38,82,73.7,19,22,86.4,20,37,54.1,13,31,44,25,20,6,23,8,-1,240:00,Charlotte Hornets
,,,,,,125,43,91,47.3,14,22,63.6,25,44,56.8,12,31,43,26,22,9,7,3,17,240:00,13614,Brooklyn Nets,,,,,,,108,38,75,63.6,23,29,79.3,9,30,30.0,5,39,44,24,18,3,13,6,-17,240:00,Chicago Bulls
,,,,,,120,49,94,52.1,11,13,84.6,11,36,30.6,9,37,46,34,20,11,11,6,8,240:00,14190,Brooklyn Nets,,,,,,,112,38,88,84.6,19,24,79.2,17,44,38.6,10,34,44,24,15,5,16,3,-8,240:00,Chicago Bulls
,,,,,,111,32,82,39.0,34,43,79.1,13,44,29.5,12,35,47,16,24,11,11,6,9,240:00,13075,Cleveland Cavaliers,,,,,,,102,37,82,79.1,20,28,71.4,8,27,29.6,9,32,41,18,29,5,17,4,-9,240:00,Brooklyn Nets
,,,,,,101,37,76,48.7,13,20,65.0,14,32,43.8,5,26,31,25,17,8,12,4,-19,240:00,13478,Cleveland Cavaliers,,,,,,,120,42,79,65.0,18,20,90.0,18,35,51.4,8,32,40,33,17,7,15,3,19,240:00,Brooklyn Nets
,,,,,,105,40,74,54.1,15,19,78.9,10,28,35.7,4,29,33,24,18,12,16,5,5,240:00,14253,Cleveland Cavaliers,,,,,,,100,34,76,78.9,17,18,94.4,15,43,34.9,10,26,36,21,14,4,20,2,-5,240:00,Brooklyn Nets
,,,,,,95,37,93,39.8,11,14,78.6,10,25,40.0,12,22,34,22,17,9,12,3,-23,240:00,13283,Brooklyn Nets,,,,,,,118,43,80,78.6,17,17,100.0,15,37,40.5,7,41,48,26,18,8,17,13,23,240:00,Cleveland Cavaliers
,,,,,,107,41,91,45.1,13,15,86.7,12,33,36.4,8,35,43,33,13,6,10,5,-12,240:00,13268,Brooklyn Nets,,,,,,,119,46,91,86.7,8,13,61.5,19,43,44.2,6,39,45,25,12,7,11,3,12,240:00,Dallas Mavericks
,,,,,,139,49,96,51.0,21,27,77.8,20,52,38.5,7,34,41,37,32,4,9,6,-5,240:00,14167,Brooklyn Nets,,,,,,,144,46,89,77.8,39,47,83.0,13,27,48.1,9,34,43,31,22,3,5,4,5,240:00,Denver Nuggets
,,,,,,118,43,82,52.4,20,21,95.2,12,30,40.0,13,37,50,24,18,7,23,4,6,240:00,13450,Detroit Pistons,,,,,,,112,41,84,95.2,13,18,72.2,17,41,41.5,4,24,28,24,17,12,14,4,-6,240:00,Brooklyn Nets
,,,,,,113,38,73,52.1,26,33,78.8,11,27,40.7,11,37,48,20,11,3,18,7,10,240:00,13676,Brooklyn Nets,,,,,,,103,42,92,78.8,2,4,50.0,17,39,43.6,5,23,28,25,24,9,10,2,-10,240:00,Detroit Pistons
,,,,,,92,32,71,45.1,19,31,61.3,9,31,29.0,4,23,27,23,24,9,14,3,-14,240:00,14205,Brooklyn Nets,,,,,,,106,37,77,61.3,21,26,80.8,11,36,30.6,9,38,47,25,25,4,21,6,14,240:00,Detroit Pistons
,,,,,,98,34,89,38.2,17,22,77.3,13,42,31.0,11,27,38,23,23,7,10,12,-11,240:00,13265,Brooklyn Nets,,,,,,,109,43,93,77.3,19,23,82.6,4,22,18.2,16,44,60,24,17,7,14,8,11,240:00,Golden State Warriors
,,,,,,120,45,93,48.4,11,17,64.7,19,46,41.3,11,32,43,32,21,8,13,5,-8,240:00,14372,Golden State Warriors,,,,,,,128,41,83,64.7,26,30,86.7,20,45,44.4,7,35,42,23,18,6,12,3,8,240:00,Brooklyn Nets
,,,,,,106,36,74,48.6,22,37,59.5,12,34,35.3,2,38,40,24,22,11,19,6,2,240:00,13193,Brooklyn Nets,,,,,,,104,37,94,59.5,20,23,87.0,10,37,27.0,15,40,55,20,29,6,17,3,-2,240:00,Houston Rockets
,,,,,,112,37,76,48.7,19,27,70.4,19,39,48.7,5,43,48,27,19,5,16,4,11,240:00,13017,Houston Rockets,,,,,,,101,36,93,70.4,16,26,61.5,13,44,29.5,15,35,50,25,19,11,10,6,-11,240:00,Brooklyn Nets
,,,,,,121,50,105,47.6,15,16,93.8,6,30,20.0,17,33,50,21,23,13,13,4,21,240:00,13516,Indiana Pacers,,,,,,,100,33,77,93.8,24,31,77.4,10,25,40.0,12,33,45,18,18,8,21,3,-21,240:00,Brooklyn Nets
,,,,,,133,53,103,51.5,14,17,82.4,13,31,41.9,14,33,47,35,21,6,10,9,22,240:00,13637,Indiana Pacers,,,,,,,111,41,87,82.4,19,28,67.9,10,26,38.5,12,31,43,20,19,3,15,4,-22,240:00,Brooklyn Nets
,,,,,,115,42,87,48.3,19,27,70.4,12,32,37.5,15,35,50,22,16,4,13,8,4,240:00,13654,Brooklyn Nets,,,,,,,111,46,103,70.4,9,11,81.8,10,38,26.3,19,26,45,27,21,8,9,9,-4,240:00,Indiana Pacers
,,,,,,125,42,83,50.6,28,33,84.8,13,26,50.0,8,37,45,26,18,6,11,5,11,240:00,13148,LA Clippers,,,,,,,114,44,90,84.8,12,16,75.0,14,39,35.9,6,30,36,29,21,6,13,5,-11,240:00,Brooklyn Nets
,,,,,,115,44,82,53.7,15,22,68.2,12,30,40.0,14,30,44,28,18,13,21,11,9,240:00,14061,LA Clippers,,,,,,,106,37,86,68.2,21,29,72.4,11,37,29.7,14,22,36,30,20,11,20,4,-9,240:00,Brooklyn Nets
,,,,,,104,39,92,42.4,14,19,73.7,12,36,33.3,9,29,38,19,17,12,13,3,-12,240:00,13626,Brooklyn Nets,,,,,,,116,42,77,73.7,17,22,77.3,15,40,37.5,6,44,50,24,15,8,20,6,12,240:00,Los Angeles Lakers
,,,,,,112,40,90,44.4,20,24,83.3,12,33,36.4,10,34,44,31,11,7,14,3,-18,240:00,13139,Los Angeles Lakers,,,,,,,130,50,95,83.3,11,14,78.6,19,47,40.4,8,33,41,31,17,10,11,4,18,240:00,Brooklyn Nets
,,,,,,102,35,79,44.3,17,30,56.7,15,42,35.7,12,21,33,27,20,10,13,6,-4,240:00,13427,Brooklyn Nets,,,,,,,106,38,82,56.7,18,22,81.8,12,37,32.4,15,35,50,26,22,6,19,3,4,240:00,Memphis Grizzlies
,,,,,,106,40,84,47.6,13,18,72.2,13,36,36.1,12,25,37,28,22,7,14,1,2,240:00,14212,Brooklyn Nets,,,,,,,104,43,91,72.2,10,13,76.9,8,30,26.7,13,31,44,29,16,5,15,8,-2,240:00,Memphis Grizzlies
,,,,,,86,29,75,38.7,21,26,80.8,7,26,26.9,8,32,40,16,13,6,15,4,-25,240:00,13378,Memphis Grizzlies,,,,,,,111,44,90,80.8,8,14,57.1,15,42,35.7,12,34,46,32,24,5,10,5,25,240:00,Brooklyn Nets
,,,,,,106,38,81,46.9,22,29,75.9,8,27,29.6,12,26,38,27,21,9,22,3,-13,240:00,14178,Memphis Grizzlies,,,,,,,119,41,80,75.9,22,25,88.0,15,41,36.6,8,26,34,27,25,10,19,2,13,240:00,Brooklyn Nets
,,,,,,95,34,99,34.3,15,16,93.8,12,55,21.8,9,41,50,26,17,9,8,9,-1,240:00,13110,Brooklyn Nets,,,,,,,96,33,87,93.8,22,25,88.0,8,31,25.8,6,48,54,22,16,6,13,4,1,240:00,Miami Heat
,,,,,,115,39,91,42.9,21,23,91.3,16,45,35.6,12,35,47,23,26,9,12,3,13,240:00,14152,Brooklyn Nets,,,,,,,102,33,74,91.3,26,31,83.9,10,33,30.3,7,36,43,20,17,7,18,3,-13,240:00,Milwaukee Bucks
,,,,,,115,43,91,47.3,13,15,86.7,16,41,39.0,11,29,40,27,17,5,10,4,7,240:00,13555,Milwaukee Bucks,,,,,,,108,41,92,86.7,13,16,81.3,13,44,29.5,15,34,49,29,12,7,14,1,-7,240:00,Brooklyn Nets
,,,,,,94,35,77,45.5,14,16,87.5,10,33,30.3,5,27,32,22,15,7,15,3,-2,240:00,13177,Brooklyn Nets,,,,,,,96,37,75,87.5,12,16,75.0,10,21,47.6,5,33,38,24,17,6,17,4,2,240:00,Minnesota Timberwolves
,,,,,,101,36,84,42.9,17,23,73.9,12,38,31.6,6,45,51,22,14,6,13,9,15,240:00,13363,Minnesota Timberwolves,,,,,,,86,35,104,73.9,10,11,90.9,6,35,17.1,16,40,56,20,17,7,11,2,-15,240:00,Brooklyn Nets
,,,,,,112,41,88,46.6,14,18,77.8,16,39,41.0,17,36,53,23,12,10,17,9,27,240:00,13009,New Orleans Pelicans,,,,,,,85,35,98,77.8,4,8,50.0,11,43,25.6,18,25,43,26,13,7,15,4,-27,240:00,Brooklyn Nets
,,,,,,105,42,94,44.7,11,12,91.7,10,30,33.3,14,31,45,31,15,13,11,4,-2,240:00,14268,New Orleans Pelicans,,,,,,,107,36,84,91.7,16,19,84.2,19,42,45.2,14,32,46,24,14,4,17,5,2,240:00,Brooklyn Nets
,,,,,,91,31,84,36.9,17,22,77.3,12,40,30.0,14,28,42,19,13,6,14,4,-13,240:00,13541,Brooklyn Nets,,,,,,,104,42,83,77.3,10,13,76.9,10,34,29.4,11,37,48,29,19,7,14,5,13,240:00,New Orleans Pelicans
,,,,,,105,42,97,43.3,6,12,50.0,15,40,37.5,16,31,47,25,15,10,10,4,12,240:00,13567,New York Knicks,,,,,,,93,34,76,50.0,13,15,86.7,12,34,35.3,8,33,41,26,15,5,15,6,-12,240:00,Brooklyn Nets
,,,,,,111,38,83,45.8,21,25,84.0,14,30,46.7,8,23,31,21,15,10,5,3,4,240:00,13723,New York Knicks,,,,,,,107,41,82,84.0,14,19,73.7,11,32,34.4,16,29,45,22,19,3,14,4,-4,240:00,Brooklyn Nets
,,,,,,124,44,83,53.0,23,28,82.1,13,38,34.2,8,37,45,25,21,7,13,6,2,240:00,14296,New York Knicks,,,,,,,122,39,89,82.1,25,28,89.3,19,46,41.3,10,27,37,27,22,8,9,2,-2,240:00,Brooklyn Nets
,,,,,,114,43,88,48.9,15,19,78.9,13,40,32.5,10,37,47,33,23,4,8,5,10,240:00,14314,New York Knicks,,,,,,,104,32,76,78.9,23,30,76.7,17,41,41.5,7,28,35,31,19,1,9,3,-10,240:00,Brooklyn Nets
,,,,,,103,42,95,44.2,4,5,80.0,15,42,35.7,13,27,40,29,19,7,13,5,-5,240:00,13163,Brooklyn Nets,,,,,,,108,40,86,80.0,18,19,94.7,10,29,34.5,11,31,42,21,13,8,14,8,5,240:00,New York Knicks
,,,,,,124,45,83,54.2,16,20,80.0,18,33,54.5,5,41,46,31,24,1,15,6,16,240:00,12995,Oklahoma City Thunder,,,,,,,108,38,100,80.0,20,31,64.5,12,46,26.1,17,30,47,26,21,9,7,2,-16,240:00,Brooklyn Nets
,,,,,,124,41,91,45.1,28,33,84.8,14,39,35.9,20,31,51,25,24,9,15,3,9,240:00,13029,Brooklyn Nets,,,,,,,115,45,84,84.8,16,24,66.7,9,31,29.0,7,29,36,29,26,8,13,5,-9,240:00,Oklahoma City Thunder
,,,,,,108,39,74,52.7,21,25,84.0,9,25,36.0,5,33,38,20,22,14,19,2,27,240:00,13381,Orlando Magic,,,,,,,81,31,79,84.0,11,14,78.6,8,31,25.8,9,26,35,18,22,10,22,1,-27,240:00,Brooklyn Nets
,,,,,,114,40,77,51.9,20,26,76.9,14,32,43.8,6,28,34,29,20,6,13,6,8,240:00,13495,Orlando Magic,,,,,,,106,38,81,76.9,23,27,85.2,7,26,26.9,8,24,32,21,19,7,13,4,-8,240:00,Brooklyn Nets
,,,,,,116,39,75,52.0,23,33,69.7,15,30,50.0,5,34,39,28,19,10,13,7,15,240:00,14131,Orlando Magic,,,,,,,101,35,83,69.7,17,21,81.0,14,37,37.8,8,29,37,22,31,7,19,3,-15,240:00,Brooklyn Nets
,,,,,,112,41,84,48.8,18,24,75.0,12,30,40.0,10,34,44,25,16,4,14,7,5,240:00,13435,Brooklyn Nets,,,,,,,107,40,82,75.0,15,19,78.9,12,28,42.9,8,30,38,25,24,6,12,2,-5,240:00,Philadelphia 76ers
,,,,,,121,44,96,45.8,21,27,77.8,12,29,41.4,11,33,44,26,17,7,5,1,-15,240:00,13246,Philadelphia 76ers,,,,,,,136,49,95,77.8,18,23,78.3,20,51,39.2,13,40,53,35,20,3,12,5,15,240:00,Brooklyn Nets
,,,,,,107,41,96,42.7,11,15,73.3,14,44,31.8,13,44,57,30,16,8,14,6,21,240:00,13740,Philadelphia 76ers,,,,,,,86,32,83,73.3,13,17,76.5,9,34,26.5,4,38,42,19,14,8,13,6,-21,240:00,Brooklyn Nets
,,,,,,117,40,86,46.5,23,25,92.0,14,40,35.0,14,37,51,19,23,12,16,5,22,240:00,14099,Philadelphia 76ers,,,,,,,95,33,84,92.0,14,21,66.7,15,46,32.6,13,30,43,23,22,4,20,4,-22,240:00,Brooklyn Nets
,,,,,,113,41,92,44.6,15,20,75.0,16,43,37.2,15,25,40,25,16,13,12,9,15,240:00,14344,Philadelphia 76ers,,,,,,,98,39,79,75.0,7,7,100.0,13,37,35.1,7,27,34,28,17,1,19,4,-15,240:00,Brooklyn Nets
,,,,,,120,47,94,50.0,10,13,76.9,16,39,41.0,8,19,27,28,24,11,11,1,-16,240:00,13225,Brooklyn Nets,,,,,,,136,49,79,76.9,24,32,75.0,14,28,50.0,9,33,42,35,12,5,16,6,16,240:00,Phoenix Suns
,,,,,,127,46,91,50.5,21,25,84.0,14,37,37.8,9,35,44,29,25,7,16,7,-7,240:00,13046,Brooklyn Nets,,,,,,,134,45,95,84.0,24,30,80.0,20,38,52.6,9,29,38,21,20,5,10,5,7,240:00,Portland Trail Blazers
,,,,,,105,42,86,48.8,12,14,85.7,9,27,33.3,10,31,41,21,16,2,13,2,2,240:00,13126,Portland Trail Blazers,,,,,,,103,35,73,85.7,18,27,66.7,15,38,39.5,6,27,33,28,14,9,11,3,-2,240:00,Brooklyn Nets
,,,,,,77,30,86,34.9,10,13,76.9,7,30,23.3,7,39,46,17,14,5,17,5,-30,240:00,13689,Brooklyn Nets,,,,,,,107,40,94,76.9,12,16,75.0,15,48,31.3,11,43,54,31,17,8,9,12,30,240:00,Sacramento Kings
,,,,,,103,37,77,48.1,20,31,64.5,9,25,36.0,11,33,44,21,22,6,16,6,-5,240:00,14364,Sacramento Kings,,,,,,,108,36,75,64.5,17,25,68.0,19,39,48.7,6,25,31,24,23,7,14,5,5,240:00,Brooklyn Nets
,,,,,,123,49,87,56.3,8,11,72.7,17,34,50.0,9,32,41,31,23,8,12,7,20,240:00,13298,Brooklyn Nets,,,,,,,103,36,91,72.7,20,21,95.2,11,34,32.4,15,26,41,20,11,5,14,3,-20,240:00,San Antonio Spurs
,,,,,,122,46,99,46.5,21,23,91.3,9,37,24.3,13,37,50,30,17,6,18,10,7,240:00,13529,San Antonio Spurs,,,,,,,115,47,102,91.3,13,19,68.4,8,31,25.8,11,37,48,29,20,13,12,5,-7,240:00,Brooklyn Nets
,,,,,,121,41,84,48.8,25,30,83.3,14,31,45.2,7,38,45,24,18,10,11,6,28,240:00,13343,Toronto Raptors,,,,,,,93,33,80,83.3,16,22,72.7,11,37,29.7,6,33,39,19,24,7,20,2,-28,240:00,Brooklyn Nets
,,,,,,88,37,85,43.5,9,12,75.0,5,27,18.5,8,22,30,23,15,10,10,2,-8,240:00,13584,Toronto Raptors,,,,,,,96,37,81,75.0,13,18,72.2,9,39,23.1,16,34,50,20,16,3,20,4,8,240:00,Brooklyn Nets
,,,,,,106,38,86,44.2,19,24,79.2,11,36,30.6,14,42,56,25,16,4,15,15,4,240:00,13708,Brooklyn Nets,,,,,,,102,35,94,79.2,16,18,88.9,16,40,40.0,15,30,45,19,22,8,10,5,-4,240:00,Toronto Raptors
,,,,,,112,38,91,41.8,23,27,85.2,13,42,31.0,5,34,39,30,28,13,15,5,-4,240:00,14109,Brooklyn Nets,,,,,,,116,44,90,85.2,17,25,68.0,11,36,30.6,7,38,45,34,26,9,18,7,4,240:00,Toronto Raptors
,,,,,,147,54,105,51.4,18,19,94.7,21,45,46.7,16,34,50,41,24,12,9,9,33,240:00,13208,Brooklyn Nets,,,,,,,114,39,86,94.7,27,34,79.4,9,27,33.3,12,32,44,23,14,3,17,7,-33,240:00,Utah Jazz
,,,,,,119,46,91,50.5,13,17,76.5,14,34,41.2,5,39,44,26,21,4,14,4,-3,240:00,13598,Washington Wizards,,,,,,,122,47,98,76.5,18,23,78.3,10,33,30.3,10,35,45,24,16,8,8,9,3,240:00,Brooklyn Nets
,,,,,,131,21,43,48.8,13,20,65.0,7,18,38.9,5,20,25,13,12,4,5,2,39,240:00,14088,Brooklyn Nets,,,,,,,92,17,44,65.0,7,12,58.3,6,21,28.6,5,16,21,10,15,4,10,1,-39,240:00,Washington Wizards
,,,,,,112,40,94,42.6,15,17,88.2,17,42,40.5,14,30,44,26,22,3,15,7,-7,240:00,13054,Charlotte Hornets,,,,,,,119,45,92,88.2,20,24,83.3,9,26,34.6,12,39,51,27,18,7,14,7,7,240:00,Chicago Bulls
,,,,,,110,40,90,44.4,14,17,82.4,16,46,34.8,9,31,40,25,18,4,10,6,-7,240:00,13222,Charlotte Hornets,,,,,,,117,45,87,82.4,16,22,72.7,11,29,37.9,11,33,44,28,13,4,10,7,7,240:00,Chicago Bulls
,,,,,,104,40,74,54.1,14,17,82.4,10,28,35.7,4,37,41,29,17,7,15,6,13,240:00,13032,Chicago Bulls,,,,,,,91,36,89,82.4,9,12,75.0,10,34,29.4,12,30,42,20,20,7,13,1,-13,240:00,Charlotte Hornets
,,,,,,115,46,86,53.5,6,10,60.0,17,41,41.5,9,38,47,41,15,4,14,3,23,240:00,13581,Cleveland Cavaliers,,,,,,,92,34,80,60.0,15,18,83.3,9,28,32.1,6,27,33,22,13,5,12,4,-23,240:00,Charlotte Hornets
,,,,,,110,44,93,47.3,6,9,66.7,16,33,48.5,12,31,43,30,8,4,14,1,-10,240:00,13735,Cleveland Cavaliers,,,,,,,120,46,91,66.7,9,11,81.8,19,40,47.5,10,37,47,36,11,10,10,9,10,240:00,Charlotte Hornets
,,,,,,128,44,77,57.1,27,28,96.4,13,30,43.3,9,39,48,26,15,3,20,4,14,240:00,14310,Cleveland Cavaliers,,,,,,,114,42,103,96.4,10,12,83.3,20,52,38.5,17,23,40,34,23,12,10,6,-14,240:00,Charlotte Hornets
,,,,,,118,44,76,57.9,17,22,77.3,13,33,39.4,8,30,38,30,14,8,16,2,7,240:00,13596,Charlotte Hornets,,,,,,,111,42,85,77.3,8,14,57.1,19,44,43.2,9,23,32,33,21,7,15,1,-7,240:00,Cleveland Cavaliers
,,,,,,104,39,89,43.8,16,21,76.2,10,32,31.3,8,31,39,24,16,8,12,3,-26,240:00,13692,Charlotte Hornets,,,,,,,130,50,93,76.2,13,20,65.0,17,50,34.0,16,39,55,35,19,6,15,7,26,240:00,Dallas Mavericks
,,,,,,111,41,83,49.4,14,18,77.8,15,38,39.5,4,40,44,27,15,9,11,9,18,240:00,13003,Denver Nuggets,,,,,,,93,36,86,77.8,11,16,68.8,10,26,38.5,8,37,45,24,15,4,14,5,-18,240:00,Charlotte Hornets
,,,,,,108,39,90,43.3,16,16,100.0,14,44,31.8,8,39,47,22,16,5,12,4,1,240:00,14223,Charlotte Hornets,,,,,,,107,46,94,100.0,5,9,55.6,10,32,31.3,6,40,46,34,20,5,11,4,-1,240:00,Detroit Pistons
,,,,,,123,44,93,47.3,15,21,71.4,20,44,45.5,11,32,43,23,22,12,16,5,2,240:00,14340,Charlotte Hornets,,,,,,,121,42,99,71.4,20,25,80.0,17,48,35.4,21,35,56,30,23,8,19,3,-2,240:00,Detroit Pistons
,,,,,,113,43,86,50.0,12,20,60.0,15,38,39.5,5,39,44,26,17,4,11,0,7,240:00,13167,Detroit Pistons,,,,,,,106,38,87,60.0,15,19,78.9,15,38,39.5,9,39,48,27,22,5,11,5,-7,240:00,Charlotte Hornets
,,,,,,114,41,86,47.7,22,24,91.7,10,42,23.8,9,42,51,26,19,8,12,5,17,240:00,13481,Detroit Pistons,,,,,,,97,34,88,91.7,16,23,69.6,13,40,32.5,9,31,40,27,16,7,13,2,-17,240:00,Charlotte Hornets
,,,,,,97,34,84,40.5,17,24,70.8,12,46,26.1,12,29,41,23,10,4,11,2,-18,240:00,13610,Charlotte Hornets,,,,,,,115,48,89,70.8,8,9,88.9,11,32,34.4,11,39,50,35,19,7,13,5,18,240:00,Golden State Warriors
,,,,,,97,38,89,42.7,8,10,80.0,13,42,31.0,13,40,53,28,15,7,22,7,13,240:00,13359,Golden State Warriors,,,,,,,84,32,88,80.0,9,11,81.8,11,39,28.2,13,30,43,21,15,13,19,6,-13,240:00,Charlotte Hornets
,,,,,,104,35,85,41.2,25,32,78.1,9,29,31.0,5,27,32,20,25,6,13,7,-34,240:00,13183,Charlotte Hornets,,,,,,,138,50,89,78.1,25,31,80.6,13,33,39.4,11,42,53,34,20,7,14,10,34,240:00,Houston Rockets
,,,,,,105,38,103,36.9,16,20,80.0,13,43,30.2,16,27,43,19,18,8,8,4,-5,240:00,14122,Houston Rockets,,,,,,,110,38,85,80.0,19,24,79.2,15,39,38.5,15,41,56,20,21,6,17,10,5,240:00,Charlotte Hornets
,,,,,,99,35,88,39.8,21,25,84.0,8,29,27.6,11,32,43,18,16,6,11,5,-16,240:00,13255,Charlotte Hornets,,,,,,,115,45,92,84.0,14,18,77.8,11,33,33.3,11,38,49,34,15,5,11,4,16,240:00,Indiana Pacers
,,,,,,111,44,82,53.7,13,16,81.3,10,34,29.4,5,41,46,27,17,5,19,3,9,240:00,13309,Charlotte Hornets,,,,,,,102,42,83,81.3,10,16,62.5,8,30,26.7,2,30,32,31,11,9,11,3,-9,240:00,Indiana Pacers
,,,,,,103,38,90,42.2,10,12,83.3,17,50,34.0,13,43,56,23,16,6,15,7,20,240:00,14238,Charlotte Hornets,,,,,,,83,33,83,83.3,8,14,57.1,9,29,31.0,7,30,37,24,16,10,14,4,-20,240:00,Indiana Pacers
,,,,,,121,47,103,45.6,15,21,71.4,12,38,31.6,13,33,46,25,22,14,17,6,5,240:00,14101,Indiana Pacers,,,,,,,116,42,89,71.4,15,23,65.2,17,42,40.5,11,41,52,28,30,11,33,8,-5,240:00,Charlotte Hornets
,,,,,,118,44,88,50.0,7,11,63.6,23,52,44.2,5,26,31,32,25,3,9,2,-12,240:00,13627,Charlotte Hornets,,,,,,,130,43,75,63.6,30,34,88.2,14,29,48.3,7,34,41,28,16,4,10,5,12,240:00,LA Clippers
,,,,,,118,47,96,49.0,11,14,78.6,13,32,40.6,5,29,34,26,16,9,9,1,-6,240:00,13261,Charlotte Hornets,,,,,,,124,50,89,78.6,16,19,84.2,8,34,23.5,7,41,48,36,12,5,17,6,6,240:00,Los Angeles Lakers
,,,,,,98,36,85,42.4,10,11,90.9,16,40,40.0,16,30,46,24,19,12,24,5,-12,240:00,13498,Memphis Grizzlies,,,,,,,110,44,82,90.9,9,13,69.2,13,36,36.1,6,29,35,26,11,12,20,7,12,240:00,Charlotte Hornets
,,,,,,94,30,82,36.6,20,27,74.1,14,42,33.3,13,28,41,23,22,12,22,5,-25,240:00,14069,Memphis Grizzlies,,,,,,,119,46,92,74.1,9,11,81.8,18,43,41.9,13,35,48,22,21,9,23,6,25,240:00,Charlotte Hornets
,,,,,,115,47,82,57.3,5,7,71.4,16,31,51.6,5,38,43,30,9,8,19,4,9,240:00,13299,Charlotte Hornets,,,,,,,106,43,92,71.4,4,8,50.0,16,44,36.4,9,23,32,33,13,12,12,5,-9,240:00,Memphis Grizzlies
,,,,,,104,40,81,49.4,13,16,81.3,11,25,44.0,4,40,44,27,15,6,14,6,17,240:00,13099,Miami Heat,,,,,,,87,33,95,81.3,11,15,73.3,10,41,24.4,17,33,50,17,17,5,15,3,-17,240:00,Charlotte Hornets
,,,,,,111,35,92,38.0,27,35,77.1,14,51,27.5,15,40,55,19,21,7,23,7,3,240:00,14057,Charlotte Hornets,,,,,,,108,39,92,77.1,15,20,75.0,15,40,37.5,6,36,42,29,29,15,15,11,-3,240:00,Miami Heat
,,,,,,106,39,89,43.8,15,21,71.4,13,41,31.7,15,31,46,20,24,6,20,5,-8,240:00,14142,Charlotte Hornets,,,,,,,114,40,86,71.4,20,28,71.4,14,34,41.2,13,30,43,33,19,8,14,6,8,240:00,Miami Heat
,,,,,,99,36,82,43.9,15,20,75.0,12,39,30.8,9,33,42,24,18,3,13,3,-12,240:00,13397,Charlotte Hornets,,,,,,,111,39,86,75.0,17,20,85.0,16,39,41.0,8,36,44,21,18,9,8,3,12,240:00,Milwaukee Bucks
,,,,,,115,41,93,44.1,18,21,85.7,15,42,35.7,16,37,53,25,16,7,10,4,1,240:00,14303,Charlotte Hornets,,,,,,,114,47,92,85.7,5,11,45.5,15,36,41.7,8,32,40,31,18,6,9,6,-1,240:00,Milwaukee Bucks
,,,,,,120,41,94,43.6,20,24,83.3,18,52,34.6,10,43,53,26,24,8,7,5,36,240:00,13293,Milwaukee Bucks,,,,,,,84,27,79,83.3,23,29,79.3,7,29,24.1,8,40,48,17,20,2,15,2,-36,240:00,Charlotte Hornets
,,,,,,123,46,89,51.7,15,18,83.3,16,40,40.0,11,40,51,29,17,7,10,3,38,240:00,13388,Milwaukee Bucks,,,,,,,85,30,81,83.3,14,17,82.4,11,40,27.5,5,32,37,24,16,6,13,2,-38,240:00,Charlotte Hornets
,,,,,,125,43,89,48.3,21,26,80.8,18,37,48.6,10,41,51,20,22,3,14,9,6,240:00,14356,Milwaukee Bucks,,,,,,,119,41,100,80.8,18,21,85.7,19,47,40.4,14,34,48,22,21,6,10,5,-6,240:00,Charlotte Hornets
,,,,,,125,44,84,52.4,19,25,76.0,18,40,45.0,6,30,36,34,15,4,13,1,-3,240:00,13158,Minnesota Timberwolves,,,,,,,128,50,88,76.0,14,18,77.8,14,37,37.8,7,28,35,30,20,8,10,4,3,240:00,Charlotte Hornets
,,,,,,114,39,79,49.4,18,26,69.2,18,38,47.4,9,36,45,23,19,7,15,8,21,240:00,14216,Minnesota Timberwolves,,,,,,,93,35,88,69.2,13,16,81.3,10,42,23.8,9,29,38,19,22,10,14,1,-21,240:00,Charlotte Hornets
,,,,,,132,44,88,50.0,19,23,82.6,25,47,53.2,16,34,50,32,14,11,13,3,20,240:00,13123,New Orleans Pelicans,,,,,,,112,39,90,82.6,15,18,83.3,19,45,42.2,15,26,41,29,19,7,14,8,-20,240:00,Charlotte Hornets
,,,,,,92,37,81,45.7,7,14,50.0,11,32,34.4,9,32,41,23,14,4,14,6,-21,240:00,13205,Charlotte Hornets,,,,,,,113,44,84,50.0,13,16,81.3,12,37,32.4,7,35,42,25,16,5,9,3,21,240:00,New York Knicks
,,,,,,109,41,82,50.0,10,18,55.6,17,38,44.7,8,38,46,27,24,3,20,6,-2,240:00,14049,Charlotte Hornets,,,,,,,111,40,94,55.6,15,19,78.9,16,45,35.6,12,27,39,21,19,11,11,5,2,240:00,New York Knicks
,,,,,,111,42,97,43.3,11,15,73.3,16,45,35.6,17,42,59,28,17,3,15,2,6,240:00,14093,New York Knicks,,,,,,,105,37,98,73.3,13,15,86.7,18,49,36.7,12,33,45,22,19,8,13,5,-6,240:00,Charlotte Hornets
,,,,,,118,45,83,54.2,11,14,78.6,17,40,42.5,7,29,36,29,14,12,18,9,-3,240:00,13683,Charlotte Hornets,,,,,,,121,45,87,78.6,13,17,76.5,18,36,50.0,10,26,36,33,17,14,17,4,3,240:00,Oklahoma City Thunder
,,,,,,126,44,75,58.7,21,27,77.8,17,36,47.2,3,41,44,31,17,10,19,10,20,240:00,13243,Oklahoma City Thunder,,,,,,,106,41,92,77.8,10,14,71.4,14,31,45.2,7,28,35,22,21,12,14,4,-20,240:00,Charlotte Hornets
,,,,,,112,44,81,54.3,12,13,92.3,12,34,35.3,10,31,41,32,10,10,18,6,20,240:00,13539,Orlando Magic,,,,,,,92,38,79,92.3,7,9,77.8,9,29,31.0,4,26,30,19,13,8,17,1,-20,240:00,Charlotte Hornets
,,,,,,114,43,93,46.2,15,19,78.9,13,44,29.5,8,35,43,25,21,12,11,7,25,240:00,14273,Orlando Magic,,,,,,,89,34,84,78.9,8,14,57.1,13,38,34.2,8,40,48,22,18,7,22,3,-25,240:00,Charlotte Hornets
,,,,,,89,33,72,45.8,11,11,100.0,12,33,36.4,3,28,31,19,19,7,19,1,-12,240:00,13433,Charlotte Hornets,,,,,,,101,40,74,100.0,8,15,53.3,13,35,37.1,8,33,41,23,16,9,18,1,12,240:00,Orlando Magic
,,,,,,124,43,72,59.7,23,23,100.0,15,30,50.0,4,32,36,29,22,6,20,4,9,240:00,13663,Charlotte Hornets,,,,,,,115,42,94,100.0,22,26,84.6,9,38,23.7,15,22,37,24,19,9,10,3,-9,240:00,Orlando Magic
,,,,,,84,31,75,41.3,15,19,78.9,7,32,21.9,13,39,52,14,20,6,27,5,-11,240:00,14365,Charlotte Hornets,,,,,,,95,37,94,78.9,9,17,52.9,12,46,26.1,13,26,39,21,21,12,8,6,11,240:00,Orlando Magic
,,,,,,121,46,96,47.9,10,11,90.9,19,44,43.2,15,33,48,38,17,5,7,7,7,240:00,13406,Philadelphia 76ers,,,,,,,114,43,84,90.9,14,17,82.4,14,33,42.4,7,25,32,24,13,5,5,6,-7,240:00,Charlotte Hornets
,,,,,,109,36,81,44.4,24,25,96.0,13,41,31.7,10,31,41,25,23,9,16,4,11,240:00,13517,Philadelphia 76ers,,,,,,,98,37,82,96.0,14,18,77.8,10,31,32.3,12,28,40,21,21,11,16,4,-11,240:00,Charlotte Hornets
,,,,,,107,39,84,46.4,20,26,76.9,9,33,27.3,8,32,40,24,23,8,17,1,2,240:00,14259,Philadelphia 76ers,,,,,,,105,36,95,76.9,19,22,86.4,14,54,25.9,12,38,50,22,22,10,21,5,-2,240:00,Charlotte Hornets
,,,,,,89,35,85,41.2,10,14,71.4,9,37,24.3,7,40,47,23,20,2,17,7,-8,240:00,13141,Charlotte Hornets,,,,,,,97,36,85,71.4,20,24,83.3,5,25,20.0,6,40,46,21,12,7,10,6,8,240:00,Philadelphia 76ers
,,,,,,96,35,94,37.2,20,27,74.1,6,37,16.2,12,36,48,20,16,6,5,3,-11,240:00,13509,Charlotte Hornets,,,,,,,107,40,87,74.1,16,20,80.0,11,38,28.9,10,47,57,31,20,3,10,3,11,240:00,Phoenix Suns
,,,,,,80,33,95,34.7,11,16,68.8,3,32,9.4,22,34,56,14,16,11,16,4,-13,240:00,13374,Portland Trail Blazers,,,,,,,93,37,75,68.8,12,17,70.6,7,24,29.2,4,37,41,24,12,12,19,6,13,240:00,Charlotte Hornets
,,,,,,86,32,78,41.0,17,22,77.3,5,31,16.1,2,34,36,22,15,10,11,8,-3,240:00,13650,Charlotte Hornets,,,,,,,89,37,93,77.3,8,12,66.7,7,26,26.9,14,41,55,19,19,4,16,2,3,240:00,Portland Trail Blazers
,,,,,,104,40,92,43.5,10,17,58.8,14,36,38.9,15,33,48,23,23,8,21,2,-7,240:00,13012,Sacramento Kings,,,,,,,111,42,82,58.8,15,19,78.9,12,34,35.3,4,31,35,23,15,8,15,10,7,240:00,Charlotte Hornets
,,,,,,98,35,87,40.2,12,16,75.0,16,38,42.1,8,28,36,17,16,2,10,3,-25,240:00,13066,Charlotte Hornets,,,,,,,123,46,89,75.0,18,23,78.3,13,35,37.1,14,39,53,24,15,2,10,8,25,240:00,Sacramento Kings
,,,,,,135,45,87,51.7,27,34,79.4,18,38,47.4,7,38,45,31,20,9,15,7,36,240:00,13089,San Antonio Spurs,,,,,,,99,32,89,79.4,25,28,89.3,10,34,29.4,16,28,44,22,24,11,20,3,-36,240:00,Charlotte Hornets
,,,,,,124,47,84,56.0,14,16,87.5,16,29,55.2,10,30,40,25,16,9,18,4,4,240:00,13132,Charlotte Hornets,,,,,,,120,47,84,87.5,11,17,64.7,15,32,46.9,7,27,34,36,17,9,13,3,-4,240:00,San Antonio Spurs
,,,,,,117,44,90,48.9,13,20,65.0,16,39,41.0,9,29,38,27,20,6,10,2,-6,240:00,13274,Charlotte Hornets,,,,,,,123,43,81,65.0,20,24,83.3,17,33,51.5,7,34,41,30,17,5,11,3,6,240:00,Toronto Raptors
,,,,,,138,49,94,52.1,20,25,80.0,20,45,44.4,14,24,38,31,24,9,16,8,5,240:00,14171,Charlotte Hornets,,,,,,,133,52,91,80.0,20,30,66.7,9,28,32.1,13,28,41,37,25,9,14,5,-5,240:00,Toronto Raptors
,,,,,,111,42,91,46.2,14,18,77.8,13,38,34.2,11,34,45,27,16,8,16,6,5,240:00,13423,Toronto Raptors,,,,,,,106,43,92,77.8,12,16,75.0,8,27,29.6,11,34,45,24,15,8,17,6,-5,240:00,Charlotte Hornets
,,,,,,122,47,92,51.1,15,21,71.4,13,32,40.6,9,26,35,35,22,7,10,6,-12,240:00,13195,Charlotte Hornets,,,,,,,134,52,93,71.4,13,17,76.5,17,41,41.5,15,34,49,38,18,6,14,6,12,240:00,Utah Jazz
,,,,,,107,37,86,43.0,24,27,88.9,9,39,23.1,15,39,54,26,21,3,19,2,-8,240:00,13349,Utah Jazz,,,,,,,115,40,92,88.9,15,22,68.2,20,42,47.6,12,30,42,28,23,11,10,3,8,240:00,Charlotte Hornets
,,,,,,112,43,87,49.4,20,23,87.0,6,33,18.2,10,44,54,25,20,5,11,11,12,240:00,13458,Washington Wizards,,,,,,,100,40,100,87.0,11,15,73.3,9,42,21.4,13,35,48,18,19,6,7,5,-12,240:00,Charlotte Hornets
,,,,,,132,44,110,40.0,31,38,81.6,13,37,35.1,25,49,74,29,18,6,19,8,9,240:00,13394,Chicago Bulls,,,,,,,123,45,104,81.6,11,19,57.9,22,54,40.7,5,34,39,37,25,7,12,11,-9,240:00,Cleveland Cavaliers
,,,,,,139,53,115,46.1,14,21,66.7,19,56,33.9,12,48,60,34,27,10,19,5,2,240:00,14110,Chicago Bulls,,,,,,,137,46,106,66.7,28,37,75.7,17,53,32.1,11,40,51,33,18,9,15,5,-2,240:00,Cleveland Cavaliers
,,,,,,113,43,87,49.4,13,16,81.3,14,38,36.8,8,43,51,26,17,7,21,5,-6,240:00,14266,Chicago Bulls,,,,,,,119,43,97,81.3,18,24,75.0,15,45,33.3,12,31,43,26,13,14,9,3,6,240:00,Cleveland Cavaliers
,,,,,,109,39,95,41.1,11,11,100.0,20,57,35.1,13,35,48,28,14,9,14,3,18,240:00,13109,Cleveland Cavaliers,,,,,,,91,35,83,100.0,12,16,75.0,9,32,28.1,6,37,43,21,17,8,19,6,-18,240:00,Chicago Bulls
,,,,,,108,40,83,48.2,16,21,76.2,12,37,32.4,6,30,36,31,18,6,8,2,3,240:00,13329,Cleveland Cavaliers,,,,,,,105,38,83,76.2,15,17,88.2,14,33,42.4,9,35,44,18,21,5,15,3,-3,240:00,Chicago Bulls
,,,,,,112,42,108,38.9,18,21,85.7,10,48,20.8,12,48,60,27,18,6,17,6,-4,240:00,14058,Cleveland Cavaliers,,,,,,,116,46,109,85.7,16,20,80.0,8,40,20.0,12,47,59,24,18,8,13,9,4,240:00,Chicago Bulls
,,,,,,144,51,93,54.8,21,24,87.5,21,43,48.8,4,36,40,33,16,11,13,6,18,240:00,14295,Cleveland Cavaliers,,,,,,,126,45,88,87.5,16,20,80.0,20,42,47.6,3,33,36,32,20,7,17,4,-18,240:00,Chicago Bulls
,,,,,,119,45,93,48.4,17,21,81.0,12,38,31.6,9,38,47,33,19,11,15,4,20,240:00,14230,Dallas Mavericks,,,,,,,99,36,86,81.0,15,23,65.2,12,42,28.6,14,37,51,25,17,8,23,2,-20,240:00,Chicago Bulls
,,,,,,92,35,89,39.3,15,22,68.2,7,34,20.6,14,29,43,19,12,6,13,2,-35,240:00,13483,Chicago Bulls,,,,,,,127,51,93,68.2,12,15,80.0,13,41,31.7,10,39,49,33,17,10,6,6,35,240:00,Dallas Mavericks
,,,,,,105,38,77,49.4,15,23,65.2,14,35,40.0,7,31,38,27,12,4,20,2,-22,240:00,13714,Detroit Pistons,,,,,,,127,51,96,65.2,11,15,73.3,14,36,38.9,11,31,42,28,15,14,9,5,22,240:00,Chicago Bulls
